Symbol,check,volume,dividend,table
1301,Done,Done,Done,Done
1332,True,Done,Done,Done
1333,True,Done,Done,Done
1375,True,Done,Done,Done
1376,True,Done,Done,Done
1377,True,Done,Done,Done
1379,True,Done,Done,Done
1380,True,Done,Done,Done
1381,True,Done,Done,Done
1382,True,Done,Done,Done
1383,True,Done,Done,Done
1384,True,Done,Done,Done
1400,True,Done,Done,Done
1401,True,Done,Done,Done
1407,True,Done,Done,Done
1414,True,Done,Done,Done
1417,True,Done,Done,Done
1418,True,Done,Done,Done
1419,True,Done,Done,Done
1420,True,Done,Done,Done
1429,True,Done,Done,Done
1430,True,Done,Done,Done
1431,True,Done,Done,Done
1433,True,Done,Done,Done
1434,True,Done,Done,Done
1435,True,Done,Done,Done
1436,True,Done,Done,Done
1438,True,Done,Done,Done
1439,True,Done,Done,Done
1443,True,Done,Done,Done
1444,True,Done,Done,Done
1446,True,Done,Done,Done
1447,True,Done,Done,Done
1450,True,Done,Done,Done
1451,True,Done,Done,Done
1491,True,Done,Done,Done
1514,True,Done,Done,Done
1515,True,Done,Done,Done
1518,True,Done,Done,Done
1605,True,Done,Done,Done
1662,True,Done,Done,Done
1663,True,Done,Done,Done
1711,True,Done,Done,Done
1712,True,Done,Done,Done
1716,True,Done,Done,Done
1717,True,Done,Done,Done
1718,True,Done,Done,Done
1719,True,Done,Done,Done
1720,True,Done,Done,Done
1721,True,Done,Done,Done
1723,True,Done,Done,Done
1724,True,Done,Done,Done
1726,True,Done,Done,Done
1730,True,Done,Done,Done
1736,True,Done,Done,Done
1739,True,Done,Done,Done
1743,True,Done,Done,Done
1757,True,Done,Done,Done
1758,True,Done,Done,Done
1762,True,Done,Done,Done
1764,True,Done,Done,Done
1766,True,Done,Done,Done
1768,True,Done,Done,Done
1770,True,Done,Done,Done
1773,False,False,,
1775,True,Done,Done,Done
1776,True,Done,Done,Done
1780,True,Done,Done,Done
1783,True,Done,Done,Done
1786,True,Done,Done,Done
1787,True,Done,Done,Done
1788,True,Done,Done,Done
1789,True,Done,Done,Done
1793,True,Done,Done,Done
1795,True,Done,Done,Done
1798,True,Done,Done,Done
1799,True,Done,Done,Done
1801,True,Done,Done,Done
1802,True,Done,Done,Done
1803,True,Done,Done,Done
1805,True,Done,Done,Done
1807,True,Done,Done,Done
1808,True,Done,Done,Done
1810,True,Done,Done,Done
1811,True,Done,Done,Done
1812,True,Done,Done,Done
1813,True,Done,Done,Done
1814,True,Done,Done,Done
1815,True,Done,Done,Done
1820,True,Done,Done,Done
1821,True,Done,Done,Done
1822,True,Done,Done,Done
1826,True,Done,Done,Done
1827,True,Done,Done,Done
1828,True,Done,Done,Done
1833,True,Done,Done,Done
1835,True,Done,Done,Done
1840,True,Done,Done,Done
1841,True,Done,Done,Done
1844,True,Done,Done,Done
1847,True,Done,Done,Done
1848,True,Done,Done,Done
1850,True,Done,Done,Done
1852,True,Done,Done,Done
1853,True,Done,Done,Done
1860,True,Done,Done,Done
1861,True,Done,Done,Done
1866,True,Done,Done,Done
1867,True,Done,Done,Done
1870,True,Done,Done,Done
1871,True,Done,Done,Done
1873,True,Done,Done,Done
1878,True,Done,Done,Done
1879,True,Done,Done,Done
1882,True,Done,Done,Done
1884,True,Done,Done,Done
1885,True,Done,Done,Done
1887,True,Done,Done,Done
1888,True,Done,Done,Done
1890,True,Done,Done,Done
1893,True,Done,Done,Done
1897,True,Done,Done,Done
1898,True,Done,Done,Done
1899,True,Done,Done,Done
1904,True,Done,Done,Done
1905,True,Done,Done,Done
1909,True,Done,Done,Done
1911,True,Done,Done,Done
1914,True,Done,Done,Done
1921,True,Done,Done,Done
1925,True,Done,Done,Done
1926,True,Done,Done,Done
1928,True,Done,Done,Done
1929,True,Done,Done,Done
1930,True,Done,Done,Done
1934,True,Done,Done,Done
1938,True,Done,Done,Done
1939,True,Done,Done,Done
1941,True,Done,Done,Done
1942,True,Done,Done,Done
1944,True,Done,Done,Done
1945,True,Done,Done,Done
1946,True,Done,Done,Done
1948,True,Done,Done,Done
1949,True,Done,Done,Done
1950,True,Done,Done,Done
1951,True,Done,Done,Done
1952,True,Done,Done,Done
1954,True,Done,Done,Done
1959,True,Done,Done,Done
1960,True,Done,Done,Done
1961,True,Done,Done,Done
1963,True,Done,Done,Done
1964,True,Done,Done,Done
1965,True,Done,Done,Done
1966,True,Done,Done,Done
1967,True,Done,Done,Done
1968,True,Done,Done,Done
1969,True,Done,Done,Done
1971,True,Done,Done,Done
1972,True,Done,Done,Done
1973,True,Done,Done,Done
1975,True,Done,Done,Done
1976,True,Done,Done,Done
1979,True,Done,Done,Done
1980,True,Done,Done,Done
1981,True,Done,Done,Done
1982,True,Done,Done,Done
1992,True,Done,Done,Done
1994,True,Done,Done,Done
1997,True,Done,Done,Done
2001,True,Done,Done,Done
2002,True,Done,Done,Done
2003,True,Done,Done,Done
2004,True,Done,Done,Done
2009,True,Done,Done,Done
2053,True,Done,Done,Done
2055,True,Done,Done,Done
2060,True,Done,Done,Done
2107,True,Done,Done,Done
2108,True,Done,Done,Done
2109,True,Done,Done,Done
2112,True,Done,Done,Done
2114,True,Done,Done,Done
2117,True,Done,Done,Done
2120,True,Done,Done,Done
2121,True,Done,Done,Done
2122,True,Done,Done,Done
2124,True,Done,Done,Done
2127,True,Done,Done,Done
2130,True,Done,Done,Done
2134,True,Done,Done,Done
2136,True,Done,Done,Done
2138,True,Done,Done,Done
2139,True,Done,Done,Done
2146,True,Done,Done,Done
2148,True,Done,Done,Done
2150,True,Done,Done,Done
2152,True,Done,Done,Done
2153,True,Done,Done,Done
2154,True,Done,Done,Done
2156,True,Done,Done,Done
2157,True,Done,Done,Done
2158,True,Done,Done,Done
2160,True,Done,Done,Done
2162,True,Done,Done,Done
2163,True,Done,Done,Done
2164,True,Done,Done,Done
2168,True,Done,Done,Done
2169,True,Done,Done,Done
2170,True,Done,Done,Done
2173,True,Done,Done,Done
2175,True,Done,Done,Done
2179,True,Done,Done,Done
2180,True,Done,Done,Done
2181,True,Done,Done,Done
2183,True,Done,Done,Done
2185,True,Done,Done,Done
2186,True,Done,Done,Done
2193,True,Done,Done,Done
2195,True,Done,Done,Done
2196,True,Done,Done,Done
2198,True,Done,Done,Done
2201,True,Done,Done,Done
2204,True,Done,Done,Done
2206,True,Done,Done,Done
2207,True,Done,Done,Done
2208,True,Done,Done,Done
2209,True,Done,Done,Done
2211,True,Done,Done,Done
2212,True,Done,Done,Done
2215,True,Done,Done,Done
2216,True,Done,Done,Done
2217,True,Done,Done,Done
2220,True,Done,Done,Done
2221,True,Done,Done,Done
2222,True,Done,Done,Done
2224,True,Done,Done,Done
2226,True,Done,Done,Done
2229,True,Done,Done,Done
2264,True,Done,Done,Done
2266,True,Done,Done,Done
2267,True,Done,Done,Done
2268,True,Done,Done,Done
2269,True,Done,Done,Done
2270,True,Done,Done,Done
2281,True,Done,Done,Done
2282,True,Done,Done,Done
2286,True,Done,Done,Done
2288,True,Done,Done,Done
2291,True,Done,Done,Done
2292,True,Done,Done,Done
2293,True,Done,Done,Done
2294,True,Done,Done,Done
2296,True,Done,Done,Done
2300,True,Done,Done,Done
2301,True,Done,Done,Done
2303,True,Done,Done,Done
2304,True,Done,Done,Done
2305,True,Done,Done,Done
2307,True,Done,Done,Done
2309,True,Done,Done,Done
2311,True,Done,Done,Done
2315,True,Done,Done,Done
2317,True,Done,Done,Done
2321,True,Done,Done,Done
2323,True,Done,Done,Done
2325,True,Done,Done,Done
2326,True,Done,Done,Done
2327,True,Done,Done,Done
2329,True,Done,Done,Done
2330,True,Done,Done,Done
2331,True,Done,Done,Done
2332,True,Done,Done,Done
2334,True,Done,Done,Done
2335,True,Done,Done,Done
2337,True,Done,Done,Done
2338,True,Done,Done,Done
2340,True,Done,Done,Done
2341,True,Done,Done,Done
2342,True,Done,Done,Done
2344,True,Done,Done,Done
2345,True,Done,Done,Done
2349,True,Done,Done,Done
2351,True,Done,Done,Done
2353,True,Done,Done,Done
2354,True,Done,Done,Done
2359,True,Done,Done,Done
2370,True,Done,Done,Done
2371,True,Done,Done,Done
2372,True,Done,Done,Done
2373,True,Done,Done,Done
2374,True,Done,Done,Done
2375,True,Done,Done,Done
2376,True,Done,Done,Done
2378,True,Done,Done,Done
2379,True,Done,Done,Done
2384,True,Done,Done,Done
2385,True,Done,Done,Done
2388,True,Done,Done,Done
2389,True,Done,Done,Done
2391,True,Done,Done,Done
2393,True,Done,Done,Done
2395,True,Done,Done,Done
2397,True,Done,Done,Done
2402,True,Done,Done,Done
2404,True,Done,Done,Done
2408,True,Done,Done,Done
2410,True,Done,Done,Done
2411,True,Done,Done,Done
2412,True,Done,Done,Done
2413,True,Done,Done,Done
2415,True,Done,Done,Done
2418,True,Done,Done,Done
2424,True,Done,Done,Done
2425,True,Done,Done,Done
2427,True,Done,Done,Done
2428,True,Done,Done,Done
2429,True,Done,Done,Done
2432,True,Done,Done,Done
2433,True,Done,Done,Done
2435,True,Done,Done,Done
2436,True,Done,Done,Done
2437,True,Done,Done,Done
2438,True,Done,Done,Done
2440,True,Done,Done,Done
2445,True,Done,Done,Done
2449,True,Done,Done,Done
2453,True,Done,Done,Done
2454,True,Done,Done,Done
2459,True,Done,Done,Done
2461,True,Done,Done,Done
2462,True,Done,Done,Done
2464,True,Done,Done,Done
2468,True,Done,Done,Done
2469,True,Done,Done,Done
2471,True,Done,Done,Done
2475,True,Done,Done,Done
2477,True,Done,Done,Done
2479,True,Done,Done,Done
2480,True,Done,Done,Done
2481,True,Done,Done,Done
2483,True,Done,Done,Done
2484,True,Done,Done,Done
2485,True,Done,Done,Done
2487,True,Done,Done,Done
2488,True,Done,Done,Done
2489,True,Done,Done,Done
2491,True,Done,Done,Done
2492,True,Done,Done,Done
2493,True,Done,Done,Done
2497,True,Done,Done,Done
2498,True,Done,Done,Done
2499,True,Done,Done,Done
2501,True,Done,Done,Done
2502,True,Done,Done,Done
2503,True,Done,Done,Done
2531,True,Done,Done,Done
2533,True,Done,Done,Done
2540,True,Done,Done,Done
2573,True,Done,Done,Done
2579,True,Done,Done,Done
2585,True,Done,Done,Done
2586,True,Done,Done,Done
2587,True,Done,Done,Done
2588,True,Done,Done,Done
2590,True,Done,Done,Done
2593,True,Done,Done,Done
2594,True,Done,Done,Done
2597,True,Done,Done,Done
2599,True,Done,Done,Done
2602,True,Done,Done,Done
2607,True,Done,Done,Done
2612,True,Done,Done,Done
2613,True,Done,Done,Done
2651,True,Done,Done,Done
2652,True,Done,Done,Done
2653,True,Done,Done,Done
2654,True,Done,Done,Done
2656,True,Done,Done,Done
2659,True,Done,Done,Done
2664,True,Done,Done,Done
2666,True,Done,Done,Done
2667,True,Done,Done,Done
2668,True,Done,Done,Done
2669,True,Done,Done,Done
2670,True,Done,Done,Done
2673,True,Done,Done,Done
2674,True,Done,Done,Done
2676,True,Done,Done,Done
2678,True,Done,Done,Done
2681,True,Done,Done,Done
2683,True,Done,Done,Done
2685,True,Done,Done,Done
2686,True,Done,Done,Done
2687,True,Done,Done,Done
2689,True,Done,Done,Done
2692,True,Done,Done,Done
2693,True,Done,Done,Done
2694,True,Done,Done,Done
2695,True,Done,Done,Done
2698,True,Done,Done,Done
2700,True,Done,Done,Done
2702,True,Done,Done,Done
2705,True,Done,Done,Done
2706,True,Done,Done,Done
2708,True,Done,Done,Done
2715,True,Done,Done,Done
2721,True,Done,Done,Done
2722,True,Done,Done,Done
2726,True,Done,Done,Done
2730,True,Done,Done,Done
2733,True,Done,Done,Done
2734,True,Done,Done,Done
2735,True,Done,Done,Done
2736,True,Done,Done,Done
2737,True,Done,Done,Done
2742,True,Done,Done,Done
2743,True,Done,Done,Done
2747,True,Done,Done,Done
2749,True,Done,Done,Done
2750,True,Done,Done,Done
2751,True,Done,Done,Done
2752,True,Done,Done,Done
2753,True,Done,Done,Done
2754,True,Done,Done,Done
2760,True,Done,Done,Done
2762,True,False,Done,Done
2763,True,,,
2764,True,,,
2767,True,,,
2768,True,,,
2769,True,,,
2776,True,,,
2778,True,,,
2780,True,,,
2782,True,,,
2784,True,,,
2788,True,,,
2789,True,,,
2790,True,,,
2791,True,,,
2792,True,,,
2795,True,,,
2796,True,,,
2798,True,,,
2801,True,,,
2802,True,,,
2804,True,,,
2805,True,,,
2806,True,,,
2809,True,,,
2810,True,,,
2811,True,,,
2812,True,,,
2813,True,,,
2814,True,,,
2815,True,,,
2816,True,,,
2818,True,,,
2819,True,,,
2820,False,,,
2830,True,,,
2831,True,,,
2871,True,,,
2872,True,,,
2874,True,,,
2875,True,,,
2876,True,,,
2877,True,,,
2882,True,,,
2883,True,,,
2884,True,,,
2892,True,,,
2894,True,,,
2897,True,,,
2899,True,,,
2901,True,,,
2903,True,,,
2904,True,,,
2907,True,,,
2908,True,,,
2910,True,,,
2911,True,,,
2914,True,,,
2915,True,,,
2916,True,,,
2917,True,,,
2918,True,,,
2922,True,,,
2923,True,,,
2924,True,,,
2926,True,,,
2927,True,,,
2929,True,,,
2930,True,,,
2931,True,,,
2932,True,,,
2933,True,,,
2934,True,,,
2935,True,,,
2936,True,,,
2937,True,,,
2961,True,,,
2970,True,,,
2975,True,,,
2978,True,,,
2980,True,,,
2981,True,,,
2982,True,,,
2983,True,,,
2984,True,,,
2986,True,,,
2987,True,,,
2991,True,,,
2993,True,,,
2997,True,,,
2998,True,,,
2999,True,,,
3001,True,,,
3002,True,,,
3003,True,,,
3004,True,,,
3010,True,,,
3011,True,,,
3020,True,,,
3021,True,,,
3023,True,,,
3024,True,,,
3028,True,,,
3030,True,,,
3031,True,,,
3034,True,,,
3035,True,,,
3036,True,,,
3038,True,,,
3040,True,,,
3041,True,,,
3042,True,,,
3045,True,,,
3046,True,,,
3048,True,,,
3050,True,,,
3053,True,,,
3054,True,,,
3058,True,,,
3059,True,,,
3063,True,,,
3064,True,,,
3065,True,,,
3067,True,,,
3068,True,,,
3069,True,,,
3070,True,,,
3071,True,,,
3073,True,,,
3075,True,,,
3076,True,,,
3077,True,,,
3079,True,,,
3080,True,,,
3082,True,,,
3083,True,,,
3085,True,,,
3086,True,,,
3087,True,,,
3088,True,,,
3089,True,,,
3091,True,,,
3092,True,,,
3093,True,,,
3094,True,,,
3096,True,,,
3097,True,,,
3099,True,,,
3101,True,,,
3103,True,,,
3104,True,,,
3105,True,,,
3106,True,,,
3107,True,,,
3109,True,,,
3110,True,,,
3111,True,,,
3113,True,,,
3116,True,,,
3121,True,,,
3123,True,,,
3131,True,,,
3132,True,,,
3133,True,,,
3134,True,,,
3135,True,,,
3137,True,,,
3138,True,,,
3139,True,,,
3140,True,,,
3141,True,,,
3143,True,,,
3148,True,,,
3150,False,,,
3151,True,,,
3153,True,,,
3154,True,,,
3156,True,,,
3157,True,,,
3159,True,,,
3160,True,,,
3161,True,,,
3166,True,,,
3167,True,,,
3168,True,,,
3169,True,,,
3172,True,,,
3173,True,,,
3174,True,,,
3175,True,,,
3176,True,,,
3177,True,,,
3178,True,,,
3179,True,,,
3180,True,,,
3181,True,,,
3182,True,,,
3183,True,,,
3184,True,,,
3185,True,,,
3186,True,,,
3187,True,,,
3189,True,,,
3190,True,,,
3191,True,,,
3192,True,,,
3193,True,,,
3195,True,,,
3196,True,,,
3197,True,,,
3198,True,,,
3199,True,,,
3201,True,,,
3202,True,,,
3204,True,,,
3205,True,,,
3221,True,,,
3222,True,,,
3223,True,,,
3224,True,,,
3228,True,,,
3231,True,,,
3232,True,,,
3236,True,,,
3237,True,,,
3238,True,,,
3241,True,,,
3242,True,,,
3244,True,,,
3245,True,,,
3246,True,,,
3248,True,,,
3252,True,,,
3254,True,,,
3261,True,,,
3264,True,,,
3266,True,,,
3267,True,,,
3271,True,,,
3275,True,,,
3276,True,,,
3277,True,,,
3280,True,,,
3284,True,,,
3286,True,,,
3288,True,,,
3289,True,,,
3291,True,,,
3293,True,,,
3294,True,,,
3297,True,,,
3299,True,,,
3300,True,,,
3302,True,,,
3306,True,,,
3315,True,,,
3316,True,,,
3317,True,,,
3319,True,,,
3320,True,,,
3321,True,,,
3322,True,,,
3323,True,,,
3326,True,,,
3328,True,,,
3329,True,,,
3333,True,,,
3341,True,,,
3347,True,,,
3349,True,,,
3350,True,,,
3352,True,,,
3353,True,,,
3355,True,,,
3358,True,,,
3359,True,,,
3360,True,,,
3361,True,,,
3370,True,,,
3371,True,,,
3372,True,,,
3374,True,,,
3375,True,,,
3377,True,,,
3382,True,,,
3386,True,,,
3387,True,,,
3388,True,,,
3391,True,,,
3392,True,,,
3393,True,,,
3395,True,,,
3396,True,,,
3397,True,,,
3399,True,,,
3401,True,,,
3402,True,,,
3405,True,,,
3407,True,,,
3409,True,,,
3415,True,,,
3416,True,,,
3417,True,,,
3418,True,,,
3420,True,,,
3421,True,,,
3422,True,,,
3423,True,,,
3426,True,,,
3431,True,,,
3433,True,,,
3434,True,,,
3435,True,,,
3436,True,,,
3437,True,,,
3439,True,,,
3440,True,,,
3441,True,,,
3443,True,,,
3444,True,,,
3445,True,,,
3446,True,,,
3447,True,,,
3449,True,,,
3452,True,,,
3454,True,,,
3457,True,,,
3458,True,,,
3461,True,,,
3464,True,,,
3465,True,,,
3467,True,,,
3469,True,,,
3474,True,,,
3475,True,,,
3477,True,,,
3479,True,,,
3480,True,,,
3482,True,,,
3484,True,,,
3486,True,,,
3489,True,,,
3490,True,,,
3491,True,,,
3494,True,,,
3495,True,,,
3496,True,,,
3497,True,,,
3498,True,,,
3501,True,,,
3512,True,,,
3513,True,,,
3521,True,,,
3524,True,,,
3526,True,,,
3529,True,,,
3536,True,,,
3537,True,,,
3538,True,,,
3539,True,,,
3540,True,,,
3541,True,,,
3542,True,,,
3543,True,,,
3544,True,,,
3546,True,,,
3547,True,,,
3548,True,,,
3549,True,,,
3550,True,,,
3551,True,,,
3553,True,,,
3556,True,,,
3557,True,,,
3558,True,,,
3559,True,,,
3560,True,,,
3561,True,,,
3562,True,,,
3563,True,,,
3565,True,,,
3566,True,,,
3569,True,,,
3571,True,,,
3577,True,,,
3580,True,,,
3583,True,,,
3591,True,,,
3593,True,,,
3597,True,,,
3598,True,,,
3600,True,,,
3604,True,,,
3607,True,,,
3608,True,,,
3611,True,,,
3612,True,,,
3622,True,,,
3623,True,,,
3624,True,,,
3625,True,,,
3626,True,,,
3627,True,,,
3628,True,,,
3632,True,,,
3633,True,,,
3634,True,,,
3635,True,,,
3636,True,,,
3639,True,,,
3640,True,,,
3641,True,,,
3645,True,,,
3646,True,,,
3647,True,,,
3648,True,,,
3649,True,,,
3652,True,,,
3653,True,,,
3655,True,,,
3656,True,,,
3657,True,,,
3659,True,,,
3660,True,,,
3661,True,,,
3662,True,,,
3663,True,,,
3664,True,,,
3665,True,,,
3666,True,,,
3667,True,,,
3668,True,,,
3670,True,,,
3671,True,,,
3672,True,,,
3673,True,,,
3674,True,,,
3675,True,,,
3676,True,,,
3677,True,,,
3678,True,,,
3679,True,,,
3680,True,,,
3681,True,,,
3682,True,,,
3683,True,,,
3686,True,,,
3687,True,,,
3688,True,,,
3690,True,,,
3691,True,,,
3692,True,,,
3694,True,,,
3695,True,,,
3696,True,,,
3697,True,,,
3698,True,,,
3708,True,,,
3710,True,,,
3712,True,,,
3719,True,,,
3723,True,,,
3726,True,,,
3727,True,,,
3733,True,,,
3738,True,,,
3741,True,,,
3744,True,,,
3747,True,,,
3750,True,,,
3753,True,,,
3758,True,,,
3760,True,,,
3762,True,,,
3763,True,,,
3765,True,,,
3766,True,,,
3768,True,,,
3769,True,,,
3770,True,,,
3771,True,,,
3772,True,,,
3773,True,,,
3774,True,,,
3776,True,,,
3777,True,,,
3778,True,,,
3779,True,,,
3782,True,,,
3784,True,,,
3787,True,,,
3788,True,,,
3791,True,,,
3793,True,,,
3796,True,,,
3798,True,,,
3799,True,,,
3800,True,,,
3802,True,,,
3803,True,,,
3804,True,,,
3807,True,,,
3810,True,,,
3814,True,,,
3815,True,,,
3816,True,,,
3817,True,,,
3823,True,,,
3825,True,,,
3826,True,,,
3834,True,,,
3835,True,,,
3836,True,,,
3837,True,,,
3839,True,,,
3840,True,,,
3841,True,,,
3842,True,,,
3843,True,,,
3844,True,,,
3845,True,,,
3847,True,,,
3848,True,,,
3850,True,,,
3851,True,,,
3852,True,,,
3853,True,,,
3854,True,,,
3856,True,,,
3857,True,,,
3858,True,,,
3861,True,,,
3863,True,,,
3864,True,,,
3865,True,,,
3877,True,,,
3878,True,,,
3880,True,,,
3891,True,,,
3892,True,,,
3895,True,,,
3896,True,,,
3900,True,,,
3901,True,,,
3902,True,,,
3903,True,,,
3904,True,,,
3905,True,,,
3907,True,,,
3908,True,,,
3909,True,,,
3910,True,,,
3911,True,,,
3912,True,,,
3913,True,,,
3914,True,,,
3915,True,,,
3916,True,,,
3917,True,,,
3918,True,,,
3920,True,,,
3921,True,,,
3922,True,,,
3923,True,,,
3924,True,,,
3925,True,,,
3926,True,,,
3927,True,,,
3928,True,,,
3929,True,,,
3930,True,,,
3931,True,,,
3932,True,,,
3933,True,,,
3934,True,,,
3935,True,,,
3936,True,,,
3937,True,,,
3939,True,,,
3940,True,,,
3941,False,,,
3943,False,,,
3944,False,,,
3945,True,,,
3946,True,,,
3947,False,,,
3948,False,,,
3950,False,,,
3951,Doing,,,
3953,Doing,,,
3954,Doing,,,
3955,Doing,,,
3961,Doing,,,
3962,Doing,,,
3963,True,,,
3964,True,,,
3965,True,,,
3967,True,,,
3968,True,,,
3969,True,,,
3970,True,,,
3974,True,,,
3976,True,,,
3978,True,,,
3979,True,,,
3981,True,,,
3983,True,,,
3984,True,,,
3985,True,,,
3986,True,,,
3987,True,,,
3988,True,,,
3989,True,,,
3990,True,,,
3991,True,,,
3992,True,,,
3993,True,,,
3994,True,,,
3995,True,,,
3996,True,,,
3997,True,,,
3998,True,,,
4004,True,,,
4005,True,,,
4008,True,,,
4011,True,,,
4012,True,,,
4013,True,,,
4014,True,,,
4015,True,,,
4016,True,,,
4017,True,,,
4019,True,,,
4020,True,,,
4021,True,,,
4022,True,,,
4023,True,,,
4025,True,,,
4026,True,,,
4027,True,,,
4028,True,,,
4031,True,,,
4040,True,,,
4041,True,,,
4042,True,,,
4043,True,,,
4044,True,,,
4045,True,,,
4046,True,,,
4047,True,,,
4051,True,,,
4052,True,,,
4053,True,,,
4054,True,,,
4055,True,,,
4056,True,,,
4057,True,,,
4058,True,,,
4059,True,,,
4060,True,,,
4061,True,,,
4062,True,,,
4063,True,,,
4064,True,,,
4068,True,,,
4069,True,,,
4071,True,,,
4072,True,,,
4073,True,,,
4074,True,,,
4075,True,,,
4076,True,,,
4078,True,,,
4080,True,,,
4082,True,,,
4088,True,,,
4091,True,,,
4092,True,,,
4093,True,,,
4094,True,,,
4095,True,,,
4097,True,,,
4098,True,,,
4099,True,,,
4100,True,,,
4102,True,,,
4107,True,,,
4109,True,,,
4112,True,,,
4113,True,,,
4114,True,,,
4116,True,,,
4118,True,,,
4119,True,,,
4120,True,,,
4124,True,,,
4125,True,,,
4151,True,,,
4165,True,,,
4166,True,,,
4167,True,,,
4168,True,,,
4169,True,,,
4170,True,,,
4171,True,,,
4172,True,,,
4173,True,,,
4174,True,,,
4175,True,,,
4176,True,,,
4177,True,,,
4178,True,,,
4179,True,,,
4180,True,,,
4182,True,,,
4183,True,,,
4185,True,,,
4186,True,,,
4187,True,,,
4188,True,,,
4189,True,,,
4192,True,,,
4193,True,,,
4194,True,,,
4196,True,,,
4198,True,,,
4199,True,,,
4200,True,,,
4202,True,,,
4203,True,,,
4204,True,,,
4205,True,,,
4206,True,,,
4208,True,,,
4212,True,,,
4215,True,,,
4216,True,,,
4218,True,,,
4220,True,,,
4221,True,,,
4222,True,,,
4224,True,,,
4228,True,,,
4229,True,,,
4231,True,,,
4234,True,,,
4235,True,,,
4237,True,,,
4238,True,,,
4240,True,,,
4241,True,,,
4242,Doing,,,
4243,True,,,
4245,True,,,
4246,True,,,
4247,True,,,
4248,True,,,
4249,True,,,
4251,True,,,
4255,True,,,
4256,True,,,
4258,True,,,
4259,True,,,
4260,True,,,
4261,True,,,
4262,True,,,
4263,True,,,
4264,True,,,
4265,True,,,
4267,True,,,
4268,True,,,
4270,True,,,
4272,True,,,
4274,True,,,
4275,True,,,
4284,True,,,
4286,True,,,
4287,True,,,
4288,True,,,
4290,True,,,
4293,True,,,
4295,True,,,
4298,True,,,
4299,True,,,
4301,True,,,
4304,True,,,
4307,True,,,
4308,True,,,
4310,True,,,
4312,True,,,
4316,True,,,
4317,True,,,
4318,True,,,
4319,True,,,
4320,True,,,
4323,True,,,
4324,True,,,
4326,True,,,
4327,True,,,
4331,True,,,
4333,True,,,
4334,True,,,
4335,True,,,
4337,True,,,
4341,False,,,
4343,True,,,
4344,True,,,
4345,True,,,
4346,True,,,
4347,True,,,
4348,True,,,
4350,True,,,
4351,True,,,
4355,True,,,
4356,True,,,
4360,True,,,
4361,True,,,
4362,True,,,
4365,True,,,
4366,True,,,
4367,True,,,
4368,True,,,
4369,True,,,
4370,True,,,
4371,True,,,
4372,True,,,
4373,True,,,
4374,True,,,
4375,True,,,
4376,True,,,
4377,True,,,
4378,True,,,
4379,True,,,
4380,True,,,
4381,True,,,
4382,True,,,
4384,True,,,
4385,True,,,
4386,True,,,
4387,True,,,
4388,True,,,
4389,True,,,
4390,True,,,
4391,True,,,
4392,True,,,
4393,True,,,
4394,True,,,
4395,True,,,
4396,True,,,
4397,True,,,
4398,True,,,
4401,True,,,
4403,True,,,
4404,True,,,
4406,True,,,
4409,True,,,
4410,True,,,
4412,True,,,
4413,True,,,
4414,True,,,
4415,True,,,
4416,True,,,
4417,True,,,
4418,True,,,
4419,True,,,
4420,True,,,
4421,True,,,
4422,True,,,
4423,True,,,
4424,True,,,
4425,True,,,
4427,True,,,
4428,True,,,
4429,True,,,
4430,True,,,
4431,True,,,
4432,True,,,
4433,True,,,
4434,True,,,
4435,True,,,
4436,True,,,
4437,True,,,
4438,True,,,
4439,True,,,
4440,True,,,
4441,True,,,
4442,True,,,
4443,True,,,
4444,True,,,
4445,True,,,
4446,True,,,
4447,Doing,,,
4448,True,,,
4449,True,,,
4450,True,,,
4452,Doing,,,
4461,Doing,,,
4462,True,,,
4463,Doing,,,
4464,Doing,,,
4465,Doing,,,
4471,Doing,,,
4475,True,,,
4476,True,,,
4477,True,,,
4478,True,,,
4479,True,,,
4480,True,,,
4481,True,,,
4482,True,,,
4483,True,,,
4484,True,,,
4485,True,,,
4486,True,,,
4487,True,,,
4488,True,,,
4489,True,,,
4490,True,,,
4491,True,,,
4492,True,,,
4493,True,,,
4494,True,,,
4495,True,,,
4496,True,,,
4498,True,,,
4499,True,,,
4502,Doing,,,
4503,Doing,,,
4506,Doing,,,
4507,Doing,,,
4512,Doing,,,
4516,Doing,,,
4519,Doing,,,
4521,Doing,,,
4523,Doing,,,
4524,Doing,,,
4526,Doing,,,
4527,Doing,,,
4528,False,,,
4530,Doing,,,
4531,Doing,,,
4534,Doing,,,
4536,Doing,,,
4538,Doing,,,
4539,Doing,,,
4540,Doing,,,
4543,True,,,
4544,True,,,
4547,True,,,
4548,True,,,
4549,True,,,
4551,True,,,
4552,True,,,
4553,True,,,
4554,True,,,
4556,True,,,
4558,True,,,
4559,True,,,
4563,True,,,
4564,True,,,
4565,True,,,
4568,True,,,
4569,True,,,
4570,True,,,
4571,True,,,
4572,True,,,
4574,True,,,
4575,True,,,
4576,True,,,
4577,True,,,
4578,True,,,
4579,True,,,
4581,True,,,
4582,True,,,
4583,True,,,
4584,True,,,
4586,True,,,
4587,True,,,
4588,True,,,
4591,True,,,
4592,True,,,
4593,True,,,
4594,True,,,
4595,True,,,
4596,True,,,
4597,True,,,
4598,True,,,
4599,True,,,
4611,True,,,
4612,Doing,,,
4613,Done,,,
4615,Done,,,
4616,Done,,,
4617,Done,,,
4619,Done,,,
4620,Done,,,
4621,Done,,,
4623,Done,,,
4624,Done,,,
4625,Done,,,
4626,Done,,,
4627,Done,,,
4628,Done,,,
4629,Done,,,
4631,Done,,,
4633,Done,,,
4634,Done,,,
4635,Done,,,
4636,Done,,,
4641,Done,,,
4642,Done,,,
4644,Done,,,
4645,Done,,,
4650,Done,,,
4651,Done,,,
4657,Done,,,
4658,Done,,,
4659,Done,,,
4661,Done,,,
4662,Done,,,
4664,Done,,,
4665,Done,,,
4666,Done,,,
4667,Done,,,
4668,Done,,,
4671,Done,,,
4673,Done,,,
4674,Done,,,
4676,Done,,,
4678,Done,,,
4679,Done,,,
4680,Done,,,
4681,Done,,,
4684,Done,,,
4685,Done,,,
4686,Done,,,
4687,Done,,,
4689,Done,,,
4690,Done,,,
4691,Done,,,
4694,Done,,,
4704,Done,,,
4705,Done,,,
4707,Done,,,
4708,Done,,,
4709,Done,,,
4712,Done,,,
4714,Done,,,
4716,Done,,,
4718,Done,,,
4719,Done,,,
4720,Done,,,
4722,Done,,,
4725,Done,,,
4726,Done,,,
4728,Done,,,
4732,Done,,,
4733,Done,,,
4735,Done,,,
4736,Done,,,
4739,Done,,,
4743,Done,,,
4745,Done,,,
4746,Done,,,
4748,Done,,,
4750,Done,,,
4751,Done,,,
4752,Done,,,
4754,Done,,,
4755,Done,,,
4760,Done,,,
4761,Done,,,
4762,Done,,,
4763,Done,,,
4765,Done,,,
4766,Done,,,
4767,Done,,,
4768,Done,,,
4769,Done,,,
4770,Done,,,
4771,Done,,,
4772,Done,,,
4776,Done,,,
4777,Done,,,
4781,Done,,,
4783,Done,,,
4784,Done,,,
4792,Done,,,
4800,Done,,,
4801,Done,,,
4809,Done,,,
4812,Done,,,
4813,Done,,,
4814,Done,,,
4816,Done,,,
4819,Done,,,
4820,Done,,,
4824,Done,,,
4825,Done,,,
4826,Done,,,
4828,Done,,,
4829,Done,,,
4832,Done,,,
4833,Done,,,
4837,Done,,,
4838,Done,,,
4839,Done,,,
4840,Done,,,
4845,Done,,,
4847,Done,,,
4848,Done,,,
4849,Done,,,
4875,Doing,,,
4880,Done,,,
4881,Done,,,
4882,Done,,,
4883,Done,,,
4884,Done,,,
4885,Done,,,
4886,Done,,,
4887,Done,,,
4888,Done,,,
4889,Done,,,
4890,Done,,,
4891,Done,,,
4892,Done,,,
4901,Done,,,
4902,Done,,,
4911,Done,,,
4912,Done,,,
4914,Done,,,
4917,Done,,,
4918,Done,,,
4919,Done,,,
4920,Done,,,
4921,Done,,,
4922,Done,,,
4923,Done,,,
4925,Done,,,
4926,Done,,,
4927,Done,,,
4928,Done,,,
4929,Done,,,
4930,Done,,,
4931,Done,,,
4932,Done,,,
4933,Done,,,
4934,Done,,,
4935,Done,,,
4936,Done,,,
4937,Done,,,
4951,Done,,,
4955,Done,,,
4956,Done,,,
4957,Done,,,
4958,Done,,,
4960,Done,,,
4963,Done,,,
4966,Done,,,
4967,Done,,,
4968,Done,,,
4970,Done,,,
4971,Done,,,
4972,Done,,,
4973,Done,,,
4974,Done,,,
4975,Done,,,
4976,Done,,,
4977,Done,,,
4978,Done,,,
4979,Done,,,
4980,Done,,,
4985,Done,,,
4987,Done,,,
4990,Done,,,
4992,Done,,,
4994,Done,,,
4996,Done,,,
4997,Done,,,
4998,Done,,,
5009,Done,,,
5010,Done,,,
5011,Done,,,
5013,Done,,,
5015,Done,,,
5017,Done,,,
5018,Done,,,
5019,Done,,,
5020,Done,,,
5021,Done,,,
5025,Done,,,
5026,Done,,,
5027,Done,,,
5028,Done,,,
5029,Done,,,
5031,Done,,,
5032,Done,,,
5033,Done,,,
5034,Done,,,
5035,Done,,,
5036,Done,,,
5038,Done,,,
5070,Done,,,
5071,Done,,,
5074,Done,,,
5076,Done,,,
5078,Done,,,
5079,Done,,,
5101,Done,,,
5103,Done,,,
5104,Done,,,
5105,Done,,,
5108,Done,,,
5110,Done,,,
5121,Done,,,
5122,Done,,,
5125,Done,,,
5126,Done,,,
5127,Done,,,
5128,Done,,,
5129,Done,,,
5131,Done,,,
5132,Done,,,
5133,Done,,,
5134,Done,,,
5136,Done,,,
5137,Done,,,
5138,Done,,,
5139,Done,,,
5142,Done,,,
5161,Done,,,
5162,Done,,,
5184,Done,,,
5185,Done,,,
5186,Done,,,
5187,Done,,,
5189,Done,,,
5191,Done,,,
5192,Done,,,
5194,Done,,,
5195,Done,,,
5199,Done,,,
5201,Done,,,
5202,Done,,,
5204,Done,,,
5208,Done,,,
5210,Done,,,
5212,Done,,,
5214,Done,,,
5216,Done,,,
5217,Done,,,
5218,Done,,,
5232,Done,,,
5233,Done,,,
5237,Done,,,
5240,Done,,,
5242,Done,,,
5243,Done,,,
5244,Done,,,
5246,Done,,,
5247,Done,,,
5248,Done,,,
5250,Done,,,
5252,Done,,,
5253,Done,,,
5254,Done,,,
5255,Done,,,
5256,Done,,,
5257,Done,,,
5258,Doing,,,
5259,False,,,
5261,Done,,,
5262,Done,,,
5268,Done,,,
5269,Done,,,
5271,Done,,,
5273,Done,,,
5277,Done,,,
5279,Done,,,
5280,Done,,,
5282,Done,,,
5283,Done,,,
5284,Done,,,
5285,Done,,,
5287,Done,,,
5288,Done,,,
5290,Done,,,
5301,Done,,,
5302,Done,,,
5304,Done,,,
5310,Done,,,
5331,Done,,,
5332,Done,,,
5333,Done,,,
5334,Done,,,
5337,Done,,,
5341,Done,,,
5344,Done,,,
5351,Done,,,
5352,Done,,,
5355,Done,,,
5357,Done,,,
5363,Done,,,
5367,Done,,,
5368,Done,,,
5380,Done,,,
5381,Done,,,
5384,Done,,,
5386,Done,,,
5388,Done,,,
5391,Done,,,
5393,Done,,,
5395,Done,,,
5401,Done,,,
5406,Done,,,
5408,Done,,,
5410,Done,,,
5411,Done,,,
5423,Done,,,
5440,Done,,,
5444,Done,,,
5445,Done,,,
5446,Done,,,
5449,Done,,,
5451,Done,,,
5458,Done,,,
5461,Done,,,
5463,Done,,,
5464,Done,,,
5471,Done,,,
5476,Done,,,
5480,Done,,,
5481,Done,,,
5482,Done,,,
5484,Done,,,
5491,Done,,,
5527,Done,,,
5541,Done,,,
5542,Done,,,
5563,Done,,,
5570,Done,,,
5571,Done,,,
5572,Done,,,
5602,Done,,,
5603,Done,,,
5609,Done,,,
5610,Done,,,
5612,Done,,,
5631,Done,,,
5632,Done,,,
5644,Done,,,
5658,Done,,,
5659,Done,,,
5660,Done,,,
5695,Done,,,
5697,Done,,,
5698,Done,,,
5699,Done,,,
5702,Done,,,
5703,Done,,,
5704,Done,,,
5706,Done,,,
5707,Done,,,
5711,Done,,,
5713,Done,,,
5714,Done,,,
5715,Done,,,
5721,Done,,,
5724,Done,,,
5726,Done,,,
5727,Done,,,
5729,Done,,,
5741,Done,,,
5742,Done,,,
5753,Done,,,
5757,Done,,,
5759,Done,,,
5781,Done,,,
5801,Done,,,
5802,Done,,,
5803,Done,,,
5805,Done,,,
5809,Done,,,
5816,Done,,,
5817,Done,,,
5819,Done,,,
5820,Done,,,
5821,Done,,,
5830,Done,,,
5831,Done,,,
5832,Done,,,
5834,Done,,,
5838,Done,,,
5851,Done,,,
5852,Done,,,
5856,Done,,,
5857,Done,,,
5900,Done,,,
5901,Done,,,
5902,Done,,,
5903,Done,,,
5905,Done,,,
5906,Done,,,
5909,Done,,,
5911,Done,,,
5915,Done,,,
5918,Done,,,
5921,Done,,,
5922,Done,,,
5923,Done,,,
5928,Done,,,
5929,Done,,,
5930,Done,,,
5932,Done,,,
5933,Done,,,
5935,Done,,,
5936,Done,,,
5938,Done,,,
5939,Done,,,
5940,Done,,,
5941,Done,,,
5942,Done,,,
5943,Done,,,
5945,Done,,,
5946,Done,,,
5947,Done,,,
5949,Done,,,
5950,Done,,,
5951,Done,,,
5952,Done,,,
5955,Done,,,
5956,Done,,,
5957,Done,,,
5958,Done,,,
5959,Done,,,
5962,Done,,,
5965,Done,,,
5966,Done,,,
5967,Done,,,
5969,Done,,,
5970,Done,,,
5971,Done,,,
5973,Done,,,
5974,Done,,,
5975,Done,,,
5976,Done,,,
5981,Done,,,
5982,Done,,,
5983,Done,,,
5984,Done,,,
5985,Done,,,
5986,Done,,,
5987,Done,,,
5988,Done,,,
5989,Done,,,
5990,Done,,,
5991,Done,,,
5992,Done,,,
5994,Done,,,
5997,Done,,,
5998,Done,,,
5999,Done,,,
6005,Done,,,
6013,Done,,,
6016,Done,,,
6018,Done,,,
6022,Done,,,
6023,Done,,,
6026,Done,,,
6027,Done,,,
6028,Done,,,
6029,Done,,,
6030,Done,,,
6031,Done,,,
6032,Done,,,
6033,Done,,,
6034,Done,,,
6035,Done,,,
6036,Done,,,
6037,Done,,,
6038,Done,,,
6039,Done,,,
6040,Done,,,
6042,Done,,,
6044,Done,,,
6045,Done,,,
6046,Done,,,
6047,Done,,,
6048,Done,,,
6049,Done,,,
6050,Done,,,
6054,Done,,,
6055,Done,,,
6058,Done,,,
6059,Done,,,
6060,Done,,,
6061,Done,,,
6062,Done,,,
6063,Done,,,
6067,Done,,,
6069,Done,,,
6070,Done,,,
6071,Done,,,
6072,Done,,,
6073,Done,,,
6074,Done,,,
6078,Done,,,
6080,Done,,,
6081,Done,,,
6082,Done,,,
6083,Done,,,
6085,Done,,,
6086,Done,,,
6087,Done,,,
6088,Done,,,
6089,Done,,,
6090,Done,,,
6091,Done,,,
6092,Done,,,
6093,Done,,,
6094,Done,,,
6095,Done,,,
6096,Done,,,
6098,Done,,,
6099,Done,,,
6101,Done,,,
6103,Done,,,
6104,Done,,,
6113,Done,,,
6118,Done,,,
6121,Done,,,
6125,Done,,,
6131,Done,,,
6134,Done,,,
6135,Done,,,
6136,Done,,,
6137,Done,,,
6138,Done,,,
6140,Done,,,
6141,Done,,,
6143,Done,,,
6144,Done,,,
6145,Done,,,
6146,Done,,,
6147,Done,,,
6149,Done,,,
6150,Done,,,
6151,Done,,,
6155,Done,,,
6156,Done,,,
6157,Done,,,
6158,Done,,,
6159,Done,,,
6161,Done,,,
6164,Done,,,
6165,Done,,,
6166,Done,,,
6167,Done,,,
6171,Done,,,
6172,Done,,,
6173,Done,,,
6176,Done,,,
6177,Done,,,
6178,Done,,,
6180,Done,,,
6181,Done,,,
6182,Done,,,
6183,Done,,,
6184,Done,,,
6185,Done,,,
6186,Done,,,
6188,Done,,,
6189,Done,,,
6190,Done,,,
6191,Done,,,
6192,Done,,,
6193,Done,,,
6194,Done,,,
6195,Done,,,
6196,Done,,,
6197,Done,,,
6198,Done,,,
6199,Done,,,
6200,Done,,,
6201,Done,,,
6203,Done,,,
6208,Done,,,
6210,Done,,,
6217,Done,,,
6218,Done,,,
6222,Done,,,
6226,Done,,,
6227,Done,,,
6229,Done,,,
6230,Done,,,
6231,Done,,,
6232,Done,,,
6233,Done,,,
6235,Done,,,
6236,Done,,,
6237,Done,,,
6238,Done,,,
6239,Done,,,
6240,Done,,,
6245,Done,,,
6246,Done,,,
6247,Done,,,
6248,Done,,,
6249,Done,,,
6250,Done,,,
6254,Done,,,
6255,Done,,,
6257,Done,,,
6258,Done,,,
6262,Done,,,
6264,Done,,,
6265,Done,,,
6266,Done,,,
6267,Done,,,
6268,Done,,,
6269,Done,,,
6272,Done,,,
6273,Done,,,
6276,Done,,,
6277,Done,,,
6278,Done,,,
6279,Done,,,
6282,Done,,,
6284,Done,,,
6286,Done,,,
6287,Done,,,
6289,Done,,,
6291,Done,,,
6292,Done,,,
6293,Done,,,
6294,Done,,,
6297,Done,,,
6298,Done,,,
6301,Done,,,
6302,Done,,,
6305,Done,,,
6306,Done,,,
6307,Done,,,
6309,Done,,,
6310,Done,,,
6312,Done,,,
6315,Done,,,
6316,Done,,,
6317,Done,,,
6319,Done,,,
6322,Done,,,
6323,Done,,,
6324,Done,,,
6325,Done,,,
6326,Done,,,
6327,Done,,,
6328,Done,,,
6330,Done,,,
6331,Done,,,
6332,Done,,,
6333,Done,,,
6334,Done,,,
6335,Done,,,
6336,Done,,,
6337,Done,,,
6338,Done,,,
6339,Done,,,
6340,Done,,,
6342,Done,,,
6343,Done,,,
6345,Done,,,
6346,Done,,,
6347,Done,,,
6349,Done,,,
6351,Done,,,
6356,Done,,,
6357,Done,,,
6358,Done,,,
6360,Done,,,
6361,Done,,,
6362,Done,,,
6363,Done,,,
6364,Done,,,
6365,Done,,,
6366,Done,,,
6367,Done,,,
6368,Done,,,
6369,Done,,,
6370,Done,,,
6371,Done,,,
6373,Done,,,
6376,Done,,,
6378,Done,,,
6379,Done,,,
6380,Done,,,
6381,Done,,,
6382,Done,,,
6383,Done,,,
6384,Done,,,
6387,Done,,,
6390,Done,,,
6391,Done,,,
6392,Done,,,
6393,Done,,,
6395,Doing,,,
6396,Done,,,
6400,Done,,,
6402,Done,,,
6403,Done,,,
6405,Done,,,
6406,Done,,,
6407,Done,,,
6408,Done,,,
6411,Done,,,
6412,Done,,,
6413,Done,,,
6416,Done,,,
6417,Done,,,
6418,Done,,,
6419,Done,,,
6420,Done,,,
6424,Done,,,
6425,Done,,,
6428,Done,,,
6430,Done,,,
6432,Done,,,
6433,Done,,,
6436,Done,,,
6440,Done,,,
6444,Done,,,
6445,Done,,,
6448,Done,,,
6454,Doing,,,
6455,Done,,,
6457,Done,,,
6458,Done,,,
6459,Done,,,
6460,Done,,,
6461,Done,,,
6462,Done,,,
6463,Done,,,
6464,Done,,,
6465,Done,,,
6466,Done,,,
6467,Done,,,
6469,Done,,,
6470,Done,,,
6471,Done,,,
6472,Done,,,
6473,Done,,,
6474,Doing,,,
6479,Done,,,
6480,Done,,,
6481,Done,,,
6482,Done,,,
6484,Done,,,
6485,Done,,,
6486,Done,,,
6488,Done,,,
6489,Done,,,
6490,Done,,,
6492,Done,,,
6493,Done,,,
6494,Done,,,
6495,Done,,,
6496,Done,,,
6497,Doing,,,
6498,Doing,,,
6501,Doing,,,
6502,Done,,,
6503,Done,,,
6504,Done,,,
6505,Done,,,
6506,Done,,,
6507,Doing,,,
6508,False,,,
6513,False,,,
6516,False,,,
6517,False,,,
6518,False,,,
6521,False,,,
6522,False,,,
6523,False,,,
6524,False,,,
6526,False,,,
6532,False,,,
6533,False,,,
6535,False,,,
6537,False,,,
6538,False,,,
6539,False,,,
6540,False,,,
6542,False,,,
6543,False,,,
6544,False,,,
6545,False,,,
6546,False,,,
6547,False,,,
6548,False,,,
6549,False,,,
6550,False,,,
6551,False,,,
6552,False,,,
6554,False,,,
6555,False,,,
6556,False,,,
6557,False,,,
6558,False,,,
6560,False,,,
6561,False,,,
6562,False,,,
6563,False,,,
6564,False,,,
6565,False,,,
6566,False,,,
6567,False,,,
6568,False,,,
6569,False,,,
6570,False,,,
6571,False,,,
6572,False,,,
6573,False,,,
6574,False,,,
6577,False,,,
6578,False,,,
6579,False,,,
6580,False,,,
6584,False,,,
6586,False,,,
6588,False,,,
6590,False,,,
6592,False,,,
6594,False,,,
6597,False,,,
6599,False,,,
6612,False,,,
6613,False,,,
6614,False,,,
6615,False,,,
6616,False,,,
6617,False,,,
6618,False,,,
6619,False,,,
6620,False,,,
6622,False,,,
6625,False,,,
6626,False,,,
6627,False,,,
6629,False,,,
6630,False,,,
6632,False,,,
6633,False,,,
6634,False,,,
6635,False,,,
6637,False,,,
6638,False,,,
6640,False,,,
6643,False,,,
6644,False,,,
6645,False,,,
6647,False,,,
6648,False,,,
6651,False,,,
6652,False,,,
6653,False,,,
6654,False,,,
6656,False,,,
6658,False,,,
6659,False,,,
6662,False,,,
6663,False,,,
6664,False,,,
6666,False,,,
6668,False,,,
6670,False,,,
6674,False,,,
6675,False,,,
6676,False,,,
6677,False,,,
6678,Done,,,
6694,False,,,
6696,False,,,
6697,Doing,,,
6698,False,,,
6699,False,,,
6701,False,,,
6702,False,,,
6703,False,,,
6704,False,,,
6706,False,,,
6707,False,,,
6715,False,,,
6718,False,,,
6721,False,,,
6723,False,,,
6724,False,,,
6727,False,,,
6728,False,,,
6730,False,,,
6731,False,,,
6734,False,,,
6736,False,,,
6737,Doing,,,
6740,False,,,
6741,False,,,
6742,False,,,
6743,False,,,
6744,False,,,
6745,False,,,
6748,False,,,
6750,False,,,
6752,False,,,
6753,False,,,
6754,False,,,
6755,False,,,
6757,False,,,
6758,False,,,
6762,False,,,
6763,False,,,
6768,Doing,,,
6769,False,,,
6770,False,,,
6771,False,,,
6772,False,,,
6775,False,,,
6776,False,,,
6777,False,,,
6778,False,,,
6779,False,,,
6785,False,,,
6786,False,,,
6787,False,,,
6788,False,,,
6789,False,,,
6794,Doing,,,
6798,False,,,
6800,False,,,
6803,False,,,
6804,False,,,
6806,False,,,
6807,False,,,
6809,False,,,
6810,False,,,
6814,False,,,
6817,False,,,
6819,False,,,
6820,False,,,
6822,False,,,
6823,False,,,
6824,False,,,
6832,False,,,
6834,False,,,
6835,False,,,
6836,False,,,
6837,False,,,
6838,False,,,
6840,False,,,
6841,False,,,
6844,False,,,
6845,False,,,
6848,False,,,
6849,False,,,
6850,False,,,
6853,False,,,
6855,False,,,
6856,False,,,
6857,False,,,
6858,False,,,
6859,False,,,
6861,False,,,
6862,False,,,
6863,False,,,
6864,False,,,
6866,False,,,
6867,False,,,
6869,False,,,
6870,False,,,
6871,False,,,
6874,False,,,
6875,False,,,
6877,False,,,
6879,False,,,
6881,False,,,
6882,False,,,
6888,False,,,
6890,False,,,
6894,False,,,
6897,False,,,
6898,False,,,
6899,False,,,
6901,False,,,
6902,False,,,
6904,False,,,
6905,False,,,
6907,False,,,
6908,False,,,
6912,False,,,
6914,False,,,
6915,False,,,
6918,False,,,
6919,False,,,
6920,False,,,
6923,False,,,
6924,False,,,
6925,False,,,
6926,False,,,
6927,False,,,
6928,False,,,
6929,False,,,
6930,False,,,
6932,False,,,
6937,False,,,
6938,False,,,
6941,False,,,
6942,False,,,
6943,False,,,
6946,False,,,
6947,False,,,
6951,False,,,
6952,False,,,
6954,Done,,,
6955,False,,,
6957,False,,,
6958,False,,,
6960,Doing,,,
6961,False,,,
6962,False,,,
6963,False,,,
6964,False,,,
6965,False,,,
6966,False,,,
6967,False,,,
6969,False,,,
6971,False,,,
6973,False,,,
6976,False,,,
6977,False,,,
6981,False,,,
6982,False,,,
6986,False,,,
6988,False,,,
6989,False,,,
6993,False,,,
6994,False,,,
6995,False,,,
6996,False,,,
6997,False,,,
6998,False,,,
6999,Done,,,
7003,False,,,
7004,False,,,
7011,False,,,
7012,False,,,
7013,False,,,
7014,False,,,
7018,False,,,
7021,False,,,
7022,False,,,
7030,False,,,
7031,False,,,
7033,False,,,
7034,False,,,
7035,False,,,
7036,False,,,
7037,False,,,
7038,False,,,
7039,False,,,
7040,False,,,
7041,False,,,
7042,False,,,
7043,False,,,
7044,False,,,
7046,False,,,
7047,False,,,
7048,False,,,
7049,False,,,
7050,False,,,
7057,False,,,
7058,False,,,
7059,False,,,
7060,False,,,
7061,False,,,
7062,False,,,
7063,False,,,
7064,False,,,
7065,Done,Done,Done,Done
7066,Done,Done,Done,Done
7067,Done,Done,Done,Done
7068,Done,Done,Done,Done
7069,Done,Done,Done,Done
7071,Done,Done,Done,Done
7072,Done,Done,Done,Done
7073,Done,Done,Done,Done
7074,Done,Done,Done,Done
7077,Done,Done,Done,Done
7078,Done,Done,Done,Done
7079,Done,Done,Done,Done
7080,Done,Done,Done,Done
7081,Done,Done,Done,Done
7082,Done,Done,Done,Done
7083,Done,Done,Done,Done
7084,Done,Done,Done,Done
7085,Done,Done,Done,Done
7086,Done,Done,Done,Done
7087,Done,Done,Done,Done
7088,Done,Done,Done,Done
7089,Done,Done,Done,Done
7090,Done,Done,Done,Done
7091,Done,Done,Done,Done
7092,Done,Done,Done,Done
7093,Done,Done,Done,Done
7094,Done,Done,Done,Done
7095,Done,Done,Done,Done
7096,Done,Done,Done,Done
7097,Done,Done,Done,Done
7102,Done,Done,Done,Done
7105,Done,Done,Done,Done
7110,Done,Done,Done,Done
7111,Done,Done,Done,Done
7112,Done,Done,Done,Done
7114,Done,Done,Done,Done
7115,Done,Done,Done,Done
7116,Done,Done,Done,Done
7119,Done,Done,Done,Done
7120,Done,Done,Done,Done
7122,Done,Done,Done,Done
7126,Done,Done,Done,Done
7127,Done,Done,Done,Done
7128,Done,Done,Done,Done
7129,Done,Done,Done,Done
7130,Done,Done,Done,Done
7131,Done,Done,Done,Done
7133,Done,Done,Done,Done
7134,Done,Done,Done,Done
7135,Done,Done,Done,Done
7138,Done,Done,Done,Done
7140,Done,Done,Done,Done
7148,Done,Done,Done,Done
7150,Done,Done,Done,Done
7157,Done,Done,Done,Done
7161,Done,Done,Done,Done
7162,False,False,,
7163,False,False,,
7164,False,False,,
7167,False,False,,
7172,False,False,,
7173,False,False,,
7175,False,False,,
7177,False,False,,
7180,False,False,,
7181,False,False,,
7182,False,False,,
7183,False,False,,
7184,False,False,,
7185,False,False,,
7186,False,False,,
7187,False,False,,
7189,False,False,,
7191,False,False,,
7192,False,False,,
7196,False,False,,
7198,False,False,,
7199,False,False,,
7201,False,False,,
7202,False,False,,
7203,False,False,,
7205,False,False,,
7208,Doing,False,,
7211,False,False,,
7212,False,False,,
7213,False,False,,
7214,False,False,,
7215,False,False,,
7217,False,False,,
7218,False,False,,
7219,False,False,,
7220,False,False,,
7222,False,False,,
7224,False,False,,
7226,False,False,,
7228,False,False,,
7229,False,False,,
7231,False,False,,
7235,False,False,,
7236,False,False,,
7238,False,False,,
7239,False,False,,
7240,False,False,,
7241,False,False,,
7242,False,False,,
7244,False,False,,
7245,False,False,,
7246,False,False,,
7247,False,False,,
7250,False,False,,
7254,False,False,,
7255,False,False,,
7256,False,False,,
7259,False,False,,
7261,False,False,,
7264,False,False,,
7265,Done,False,,
7266,False,False,,
7267,False,False,,
7268,False,False,,
7269,False,False,,
7270,False,False,,
7271,False,False,,
7272,False,False,,
7273,False,False,,
7276,False,False,,
7277,False,False,,
7278,False,False,,
7279,False,False,,
7280,False,False,,
7282,False,False,,
7283,False,False,,
7284,False,False,,
7287,False,False,,
7291,Doing,False,,
7292,False,False,,
7294,False,False,,
7296,False,False,,
7297,False,False,,
7298,False,False,,
7299,False,False,,
7305,False,False,,
7309,False,False,,
7313,False,False,,
7314,False,False,,
7315,False,False,,
7317,False,False,,
7318,False,False,,
7320,False,False,,
7322,False,False,,
7325,False,False,,
7326,False,False,,
7327,False,False,,
7330,False,False,,
7337,False,False,,
7338,False,False,,
7342,False,False,,
7343,False,False,,
7345,False,False,,
7347,Done,False,,
7350,False,False,,
7351,False,False,,
7352,False,False,,
7353,False,False,,
7354,False,False,,
7356,False,False,,
7357,False,False,,
7358,False,False,,
7359,False,False,,
7360,False,False,,
7361,False,False,,
7362,False,False,,
7363,False,False,,
7366,False,False,,
7367,False,False,,
7368,False,False,,
7369,False,False,,
7370,False,False,,
7371,False,False,,
7372,False,False,,
7373,False,False,,
7374,False,False,,
7375,False,False,,
7376,False,False,,
7377,False,False,,
7378,False,False,,
7379,False,False,,
7380,False,False,,
7381,False,False,,
7383,False,False,,
7384,Done,False,,
7386,False,False,,
7388,False,False,,
7389,False,False,,
7399,False,False,,
7408,False,False,,
7412,False,False,,
7413,False,False,,
7414,False,False,,
7416,False,False,,
7417,False,False,,
7419,False,False,,
7420,False,False,,
7421,False,False,,
7422,False,False,,
7425,False,False,,
7426,False,False,,
7427,False,False,,
7433,False,False,,
7434,False,False,,
7435,False,False,,
7438,False,False,,
7442,False,False,,
7443,False,False,,
7444,False,False,,
7445,False,False,,
7446,False,False,,
7447,False,False,,
7450,False,False,,
7451,False,False,,
7453,False,False,,
7455,False,False,,
7456,False,False,,
7458,Doing,False,,
7459,False,False,,
7460,False,False,,
7461,False,False,,
7462,False,False,,
7463,False,False,,
7464,False,False,,
7466,False,False,,
7467,False,False,,
7472,False,False,,
7475,False,False,,
7476,Done,False,,
7477,Doing,False,,
7480,Doing,False,,
7481,Doing,False,,
7482,Doing,False,,
7483,Doing,False,,
7486,Doing,False,,
7487,Doing,False,,
7490,Doing,False,,
7494,Doing,False,,
7500,Doing,False,,
7501,Doing,False,,
7502,Doing,False,,
7504,Doing,False,,
7505,Doing,False,,
7506,Doing,False,,
7508,False,False,,
7509,False,False,,
7510,False,False,,
7512,False,False,,
7513,False,False,,
7514,False,False,,
7515,False,False,,
7516,False,False,,
7518,False,False,,
7520,False,False,,
7521,False,False,,
7522,False,False,,
7523,Doing,False,,
7524,Doing,False,,
7525,Doing,False,,
7527,Doing,False,,
7531,Doing,False,,
7532,Doing,False,,
7537,Doing,False,,
7538,Doing,False,,
7539,False1,False,,
7544,False1,False,,
7545,Doing,False,,
7550,False1,False,,
7551,False1,False,,
7552,False1,False,,
7554,False1,False,,
7555,False1,False,,
7559,Doing,False,,
7561,Doing,False,,
7562,Doing,False,,
7564,Doing,False,,
7565,Doing,False,,
7567,Doing,False,,
7570,Doing,False,,
7571,Doing,False,,
7575,False1,False,,
7578,False1,False,,
7581,False1,False,,
7585,False1,False,,
7590,False1,False,,
7593,False1,False,,
7595,False1,False,,
7596,Doing,False,,
7599,Doing,False,,
7600,Doing,False,,
7601,Doing,False,,
7602,Doing,False,,
7603,Doing,False,,
7604,Doing,False,,
7605,Doing,False,,
7606,False1,False,,
7607,False1,False,,
7608,False1,False,,
7609,False1,False,,
7610,False1,False,,
7611,False1,False,,
7613,False1,False,,
7614,False1,False,,
7615,False1,False,,
7616,Doing,False,,
7618,Doing,False,,
7619,Doing,False,,
7621,Doing,False,,
7623,Doing,False,,
7624,Doing,False,,
7625,Doing,False,,
7628,Doing,False,,
7630,Doing,False,,
7634,Doing,False,,
7635,Doing,False,,
7636,Doing,False,,
7637,Doing,False,,
7638,Doing,False,,
7640,Doing,False,,
7643,Doing,False,,
7646,Doing,False,,
7647,Doing,False,,
7649,Doing,False,,
7670,Doing,False,,
7671,Done,False,,
7673,Doing,False,,
7674,Done,False,,
7676,Doing,False,,
7677,Doing,False,,
7678,Doing,False,,
7679,Done,False,,
7681,Done,False,,
7682,Done,False,,
7683,Done,False,,
7685,Done,False,,
7686,Doing,False,,
7687,Done,False,,
7689,Done,False,,
7692,Doing,False,,
7694,Done,False,,
7695,Doing,False,,
7698,Done,False,,
7699,Doing,False,,
7701,Done,False,,
7702,Doing,False,,
7705,Done,False,,
7707,Done,False,,
7709,Done,False,,
7711,Doing,False,,
7713,Done,False,,
7715,Done,False,,
7716,Done,False,,
7717,Done,False,,
7718,Doing,False,,
7719,Done,False,,
7721,Doing,False,,
7722,Done,False,,
7723,Done,False,,
7725,Done,False,,
7726,Done,False,,
7727,Doing,False,,
7729,Doing,False,,
7730,Doing,False,,
7731,Done,False,,
7732,Done,False,,
7733,Done,False,,
7734,Doing,False,,
7735,Done,False,,
7739,Done,False,,
7740,Done,False,,
7741,Doing,False,,
7743,Doing,False,,
7744,Doing,False,,
7745,Doing,False,,
7746,Done,False,,
7747,Done,False,,
7749,Done,False,,
7751,Done,False,,
7752,Doing,False,,
7760,Done,False,,
7762,Done,False,,
7769,Done,False,,
7771,Done,False,,
7774,Done,False,,
7775,Done,False,,
7776,Done,False,,
7777,Done,False,,
7779,Done,False,,
7780,Done,False,,
7781,Done,False,,
7782,Done,False,,
7791,Done,False,,
7792,Done,False,,
7793,Done,False,,
7794,Done,False,,
7795,Done,False,,
7800,Done,False,,
7803,Done,False,,
7804,Done,False,,
7805,Done,False,,
7806,Done,False,,
7807,Done,False,,
7808,Done,False,,
7809,Done,False,,
7810,Done,False,,
7811,Doing,False,,
7812,Doing,False,,
7813,Doing,False,,
7814,Done,False,,
7815,Done,False,,
7816,Done,False,,
7817,Done,False,,
7818,Done,False,,
7819,Done,False,,
7820,Done,False,,
7821,Done,False,,
7822,Done,False,,
7823,Doing,False,,
7826,Done,False,,
7827,Done,False,,
7829,Done,False,,
7831,Done,False,,
7832,Doing,False,,
7833,Done,False,,
7836,Done,False,,
7837,Done,False,,
7839,Done,False,,
7840,Done,False,,
7841,Done,False,,
7844,Done,False,,
7846,Done,False,,
7847,Done,False,,
7849,Done,False,,
7850,Done,False,,
7851,Done,False,,
7856,Done,False,,
7857,Done,False,,
7859,Done,False,,
7860,Done,False,,
7863,Done,False,,
7864,Done,False,,
7865,Done,False,,
7867,Done,False,,
7868,Done,False,,
7871,Done,False,,
7872,Done,False,,
7874,Done,False,,
7875,Done,False,,
7877,Done,False,,
7878,Done,False,,
7879,Done,False,,
7883,Done,False,,
7885,Done,False,,
7886,Done,False,,
7887,Done,False,,
7888,Done,False,,
7893,Done,False,,
7896,Done,False,,
7897,Done,False,,
7898,Done,False,,
7899,Done,False,,
7901,Done,False,,
7902,Done,False,,
7905,Done,False,,
7906,Done,False,,
7908,Done,False,,
7911,Done,False,,
7912,Done,False,,
7914,Done,False,,
7915,Done,False,,
7916,Done,False,,
7917,Done,False,,
7918,Done,False,,
7919,Done,False,,
7921,Done,False,,
7922,Done,False,,
7923,Done,False,,
7925,Done,False,,
7927,Done,False,,
7928,Done,False,,
7931,Done,False,,
7932,Done,False,,
7936,Done,False,,
7937,Done,False,,
7938,Done,False,,
7939,Done,False,,
7940,Doing,False,,
7942,Done,False,,
7943,Done,False,,
7944,Done,False,,
7946,Done,False,,
7947,Done,False,,
7949,Doing,False,,
7951,Doing,False,,
7952,Doing,False,,
7953,Done,False,,
7955,Doing,False,,
7956,Doing,False,,
7957,Done,False,,
7958,Done,False,,
7961,Done,False,,
7962,Doing,False,,
7963,Doing,False,,
7965,Done,False,,
7966,Doing,False,,
7970,Done,False,,
7971,Done,False,,
7972,Done,False,,
7974,Done,False,,
7975,Done,False,,
7976,Done,False,,
7979,Done,False,,
7980,Done,False,,
7981,Done,False,,
7983,Done,False,,
7984,Done,False,,
7985,Done,False,,
7986,Done,False,,
7987,Doing,False,,
7988,Done,False,,
7989,Done,False,,
7990,Done,False,,
7991,Done,False,,
7992,Done,False,,
7994,Done,False,,
7995,Done,False,,
7997,Done,False,,
7999,Done,False,,
8001,Done,False,,
8002,Done,False,,
8005,Done,False,,
8006,Done,False,,
8007,Done,False,,
8008,Done,False,,
8011,Done,False,,
8012,Done,False,,
8013,Done,False,,
8014,Done,False,,
8015,Done,False,,
8016,Done,False,,
8018,Done,False,,
8020,Done,False,,
8022,Done,False,,
8023,Done,False,,
8025,Done,False,,
8029,Done,False,,
8030,Done,False,,
8031,Done,False,,
8032,Done,False,,
8035,Done,False,,
8037,Done,False,,
8038,Done,False,,
8039,Done,False,,
8040,Done,False,,
8041,Done,False,,
8043,Done,False,,
8045,Done,False,,
8046,Done,False,,
8050,Done,False,,
8051,Done,False,,
8052,Done,False,,
8053,Done,False,,
8056,Done,False,,
8057,Done,False,,
8058,Done,False,,
8059,Done,False,,
8060,Done,False,,
8061,Done,False,,
8065,Done,False,,
8066,Done,False,,
8068,Done,False,,
8070,Done,False,,
8072,Done,False,,
8074,Done,False,,
8075,Done,False,,
8076,Doing,False,,
8077,Done,False,,
8078,Done,False,,
8079,Done,False,,
8081,Done,False,,
8084,Done,False,,
8085,Done,False,,
8086,Done,False,,
8088,Done,False,,
8089,Done,False,,
8091,Done,False,,
8093,Done,False,,
8095,Done,False,,
8097,Done,False,,
8098,Done,False,,
8101,Done,False,,
8103,Done,False,,
8104,Done,False,,
8105,Done,False,,
8107,Done,False,,
8111,Done,False,,
8113,Done,False,,
8114,Done,False,,
8115,Done,False,,
8117,Done,False,,
8118,Done,False,,
8119,Done,False,,
8123,Done,False,,
8125,Done,False,,
8127,Done,False,,
8129,Done,False,,
8130,Done,False,,
8131,Done,False,,
8132,Done,False,,
8133,Done,False,,
8135,Done,False,,
8136,Done,False,,
8137,Done,False,,
8138,Done,False,,
8139,Done,False,,
8140,Done,False,,
8141,Done,False,,
8142,Done,False,,
8143,Done,False,,
8144,Done,False,,
8147,Done,False,,
8150,Done,False,,
8151,Done,False,,
8152,Done,False,,
8153,Done,False,,
8154,Done,False,,
8155,Done,False,,
8157,Done,False,,
8158,Done,False,,
8159,Done,False,,
8160,Done,False,,
8163,Done,False,,
8165,Done,False,,
8166,Done,False,,
8167,Done,False,,
8168,Done,False,,
8173,Done,False,,
8174,Done,False,,
8179,Done,False,,
8181,Done,False,,
8182,Done,False,,
8185,Done,False,,
8194,Done,False,,
8198,Done,False,,
8200,Done,False,,
8202,Done,False,,
8203,Done,False,,
8207,Done,False,,
8208,Done,False,,
8209,Done,False,,
8214,Done,False,,
8215,Doing,False,,
8217,Doing,False,,
8218,Doing,False,,
8219,Doing,False,,
8225,Doing,False,,
8226,Done,False,,
8227,Doing,False,,
8230,Doing,False,,
8233,Done,False,,
8237,Doing,False,,
8242,Done,False,,
8244,Doing,False,,
8247,Done,False,,
8252,Done,False,,
8253,Done,False,,
8254,Done,False,,
8255,Done,False,,
8256,Done,False,,
8260,Done,False,,
8267,Done,False,,
8273,Done,False,,
8275,Done,False,,
8276,Done,False,,
8278,Done,False,,
8279,Done,False,,
8281,Done,False,,
8282,Done,False,,
8283,Done,False,,
8285,Done,False,,
8289,Done,False,,
8291,Done,False,,
8301,Doing,False,,
8303,Done,False,,
8304,Done,False,,
8306,Done,False,,
8308,Done,False,,
8309,Done,False,,
8316,Done,False,,
8331,Done,False,,
8334,Done,False,,
8336,Done,False,,
8337,Done,False,,
8338,Done,False,,
8341,Done,False,,
8343,Done,False,,
8344,Done,False,,
8345,Done,False,,
8346,Done,False,,
8349,Done,False,,
8354,Done,False,,
8358,Done,False,,
8359,Done,False,,
8360,Done,False,,
8361,Done,False,,
8362,Done,False,,
8364,Done,False,,
8365,Done,False,,
8366,Done,False,,
8367,Done,False,,
8368,Done,False,,
8369,Done,False,,
8370,Done,False,,
8377,Done,False,,
8381,Done,False,,
8383,Done,False,,
8386,Done,False,,
8387,Done,False,,
8388,Done,False,,
8392,Done,False,,
8393,Done,False,,
8395,Done,False,,
8399,Done,False,,
8410,Done,False,,
8411,Done,False,,
8416,Done,False,,
8418,Done,False,,
8421,Doing,False,,
8424,Done,False,,
8425,Done,False,,
8439,Done,False,,
8462,Done,False,,
8473,Done,False,,
8508,Done,False,,
8511,Done,False,,
8515,Done,False,,
8518,Done,False,,
8521,Done,False,,
8522,Done,False,,
8524,Done,False,,
8537,Done,False,,
8541,Done,False,,
8542,Done,False,,
8544,Done,False,,
8550,Done,False,,
8551,Done,False,,
8558,Done,False,,
8562,Done,False,,
8563,Done,False,,
8566,Done,False,,
8570,Done,False,,
8572,Done,False,,
8584,Done,False,,
8585,Done,False,,
8591,Done,False,,
8593,Done,False,,
8595,Done,False,,
8596,Done,False,,
8600,Done,False,,
8601,Done,False,,
8604,Done,False,,
8609,Done,False,,
8613,Done,False,,
8614,Done,False,,
8616,Done,False,,
8617,Done,False,,
8622,Done,False,,
8624,Done,False,,
8628,Done,False,,
8630,Done,False,,
8697,Done,False,,
8698,Done,False,,
8699,Done,False,,
8700,Done,False,,
8704,Done,False,,
8705,Done,False,,
8706,Done,False,,
8707,Done,False,,
8708,Done,False,,
8713,Done,False,,
8714,Done,False,,
8715,Done,False,,
8725,Done,False,,
8732,Done,False,,
8737,Done,False,,
8739,Done,False,,
8742,Done,False,,
8746,Done,False,,
8747,Done,False,,
8750,Done,False,,
8766,Done,False,,
8769,Done,False,,
8771,Done,False,,
8772,Done,False,,
8783,Done,False,,
8789,Done,False,,
8793,Done,False,,
8795,Done,False,,
8798,Done,False,,
8801,Done,False,,
8802,Done,False,,
8803,Done,False,,
8804,Done,False,,
8818,Done,False,,
8830,Done,False,,
8835,Done,False,,
8836,Done,False,,
8841,Done,False,,
8842,Done,False,,
8844,Done,False,,
8848,Done,False,,
8850,Done,False,,
8854,Done,False,,
8860,Done,False,,
8864,Done,False,,
8869,Done,False,,
8871,Done,False,,
8876,Done,False,,
8877,Done,False,,
8881,Done,False,,
8886,Done,False,,
8887,Done,False,,
8889,Done,False,,
8890,Done,False,,
8891,Done,False,,
8892,Done,False,,
8893,Done,False,,
8894,Done,False,,
8897,Done,False,,
8898,Done,False,,
8903,Done,False,,
8904,Done,False,,
8905,Done,False,,
8908,Done,False,,
8912,Done,False,,
8914,Done,False,,
8917,Done,False,,
8918,Done,False,,
8919,Done,False,,
8920,Done,False,,
8923,Done,False,,
8925,Done,False,,
8927,Done,False,,
8928,Done,False,,
8929,Done,False,,
8931,Done,False,,
8934,Done,False,,
8935,Done,False,,
8938,Done,False,,
8940,Done,False,,
8944,Done,False,,
8945,Done,False,,
8946,Done,False,,
8995,Done,False,,
8996,Done,False,,
8999,Done,False,,
9001,Done,False,,
9003,Done,False,,
9005,Done,False,,
9006,Done,False,,
9007,Done,False,,
9008,Done,False,,
9009,Done,False,,
9010,Done,False,,
9012,Done,False,,
9017,Done,False,,
9020,Done,False,,
9021,Done,False,,
9022,Done,False,,
9024,Done,False,,
9025,Done,False,,
9028,Done,False,,
9029,Done,False,,
9031,Done,False,,
9033,Done,False,,
9034,Done,False,,
9036,Done,False,,
9037,Done,False,,
9039,Done,False,,
9041,Done,False,,
9042,Done,False,,
9044,Done,False,,
9045,Done,False,,
9046,Done,False,,
9048,Done,False,,
9049,Done,False,,
9051,Done,False,,
9052,Done,False,,
9055,Done,False,,
9057,Done,False,,
9058,Done,False,,
9059,Done,False,,
9060,Done,False,,
9063,Done,False,,
9064,Done,False,,
9065,Done,False,,
9066,Done,False,,
9067,Done,False,,
9068,Done,False,,
9069,Done,False,,
9070,Done,False,,
9072,Done,False,,
9073,Done,False,,
9074,Done,False,,
9075,Done,False,,
9076,Done,False,,
9078,Done,False,,
9081,Done,False,,
9082,Done,False,,
9083,Done,False,,
9087,Done,False,,
9090,Done,False,,
9099,Done,False,,
9101,Done,False,,
9104,Done,False,,
9107,Done,False,,
9110,Done,False,,
9115,Done,False,,
9119,Done,False,,
9127,Done,False,,
9130,Done,False,,
9142,Done,False,,
9143,Done,False,,
9145,Done,False,,
9147,Done,False,,
9171,Done,False,,
9173,Done,False,,
9193,Done,False,,
9201,Done,False,,
9202,Done,False,,
9204,Done,False,,
9206,Done,False,,
9211,Done,False,,
9212,Done,False,,
9213,Done,False,,
9214,Done,False,,
9215,Done,False,,
9216,Done,False,,
9218,Done,False,,
9219,Done,False,,
9220,Done,False,,
9221,Done,False,,
9227,Done,False,,
9229,Done,False,,
9232,Done,False,,
9233,Done,False,,
9240,Done,False,,
9241,Done,False,,
9242,Done,False,,
9244,Done,False,,
9245,Done,False,,
9246,Done,False,,
9247,Done,False,,
9248,Done,False,,
9249,Done,False,,
9250,Done,False,,
9251,Done,False,,
9252,Done,False,,
9253,Done,False,,
9254,Done,False,,
9256,Done,False,,
9257,Done,False,,
9258,Done,False,,
9259,Done,False,,
9260,Done,False,,
9262,Done,False,,
9263,Done,False,,
9264,Done,False,,
9265,Done,False,,
9267,Done,False,,
9268,Done,False,,
9270,Done,False,,
9271,Done,False,,
9272,Done,False,,
9273,Done,False,,
9274,Done,False,,
9275,Done,False,,
9278,Done,False,,
9279,Done,False,,
9301,Done,False,,
9302,Done,False,,
9303,Done,Done,,
9304,Done,Done,,
9305,Done,Done,,
9306,Done,Done,,
9307,Done,Done,,
9308,Done,Done,,
9310,Done,Done,,
9311,Done,Done,,
9312,Done,Done,,
9313,Done,Done,,
9319,Done,Done,,
9322,Done,Done,,
9324,Done,Done,,
9325,Done,Done,,
9326,Done,Done,,
9327,Done,Done,,
9336,Done,Done,,
9337,Done,Done,,
9338,Done,Done,,
9339,Done,Done,,
9340,Done,Done,,
9341,Done,Done,,
9342,Done,Done,,
9343,Done,Done,,
9344,Done,Done,,
9345,Done,Done,,
9346,Done,Done,,
9347,Done,False,,
9348,Done,Done,,
9351,Done,Done,,
9353,Done,Done,,
9355,Done,Done,,
9360,Done,Done,,
9361,Done,Done,,
9362,Done,Done,,
9363,Done,Done,,
9364,Done,Done,,
9365,Done,Done,,
9366,Done,Done,,
9367,Done,Done,,
9368,Done,Done,,
9369,Done,Done,,
9376,Done,Done,,
9377,Done,Done,,
9380,Done,Done,,
9381,Done,Done,,
9384,Done,Done,,
9385,Done,Done,,
9386,Done,Done,,
9399,Done,Done,,
9401,Done,Done,,
9404,Done,Done,,
9405,Done,Done,,
9408,Done,Done,,
9409,Done,Done,,
9412,Done,Done,,
9413,Done,Done,,
9414,Done,Done,,
9416,Done,Done,,Done
9417,Done,Done,,Done
9418,Done,Done,,Done
9419,Done,Done,,Done
9421,Done,Done,,Done
9423,Done,Done,,Done
9424,Done,Done,,Done
9425,Done,Done,,Done
9428,Done,Done,,Done
9432,Done,Done,,Done
9433,Done,Done,,Done
9434,Done,Done,,Done
9435,Done,Done,,Done
9436,Done,Done,,Done
9438,Done,Done,,Done
9439,Done,Done,,Done
9441,Done,Done,,Done
9444,Done,Done,,Done
9445,Done,Done,,Done
9446,Done,Done,,Done
9449,Done,Done,,Done
9450,Done,Done,,Done
9466,Done,Done,,Done
9467,Done,Done,,Done
9468,Done,Done,,Done
9470,Done,Done,,Done
9474,Done,Done,,Done
9475,Done,Done,,Done
9476,Done,Done,,Done
9478,Done,Done,Done,Done
9479,Done,Done,Done,Done
9501,Done,Done,Done,Done
9502,Done,Done,Done,Done
9503,Done,Done,Done,Done
9504,Done,Done,Done,Done
9505,Done,Done,Done,Done
9506,Done,Done,Done,Done
9507,Done,Done,Done,Done
9508,Done,Done,Done,Done
9509,Done,Done,Done,Done
9511,Done,Done,Done,Done
9513,Done,Done,Done,Done
9514,Done,Done,Done,Done
9517,Done,Done,Done,Done
9519,Done,Done,Done,Done
9522,Done,Done,Done,Done
9531,Done,Done,Done,Done
9532,Done,Done,Done,Done
9533,Done,Done,Done,Done
9534,Done,Done,Done,Done
9535,Done,Done,Done,Done
9536,Done,Done,Done,Done
9537,Done,Done,Done,Done
9539,Done,Done,Done,Done
9543,Done,Done,Done,Done
9551,Done,Done,Done,Done
9552,Done,Done,Done,Done
9553,Done,Done,Done,Done
9554,Done,Done,Done,Done
9556,Done,Done,Done,Done
9557,Done,Done,Done,Done
9558,Done,Done,Done,Done
9560,Done,Done,Done,Done
9561,Done,Done,Done,Done
9562,Done,Done,Done,Done
9563,Done,Done,Done,Done
9564,Done,Done,Done,Done
9565,Done,Done,Done,Done
9600,Done,Done,Done,Done
9601,Done,Done,Done,Done
9602,Done,Done,Done,Done
9603,Done,Done,Done,Done
9605,Done,Done,Done,Done
9610,Done,Done,Done,Done
9612,Done,Done,Done,Done
9613,Done,Done,Done,Done
9616,Done,Done,Done,Done
9619,Done,Done,Done,Done
9621,Done,Done,Done,Done
9622,Done,Done,Done,Done
9625,Done,Done,Done,Done
9627,Done,Done,Done,Done
9628,Done,Done,Done,Done
9629,Done,Done,Done,Done
9632,Done,Done,Done,Done
9633,Done,Done,Done,Done
9635,Done,Done,Done,Done
9636,Done,Done,Done,Done
9637,Done,Done,Done,Done
9639,Done,Done,Done,Done
9640,Done,Done,Done,Done
9644,Done,Done,Done,Done
9647,Done,Done,Done,Done
9651,Done,Done,Done,Done
9656,Done,Done,Done,Done
9658,Done,Done,Done,Done
9661,Done,Done,Done,Done
9663,Done,Done,Done,Done
9672,Done,Done,Done,Done
9675,Done,Done,Done,Done
9678,Done,Done,Done,Done
9679,Done,Done,Done,Done
9682,Done,Done,Done,Done
9684,Done,Done,Done,Done
9685,Done,Done,Done,Done
9686,Done,Done,Done,Done
9687,Done,Done,Done,Done
9691,Done,Done,Done,Done
9692,Done,Done,Done,Done
9696,Done,Done,Done,Done
9697,Done,Done,Done,Done
9698,Done,Done,Done,Done
9699,Done,Done,Done,Done
9701,Done,Done,Done,Done
9702,Done,Done,Done,Done
9704,Done,Done,Done,Done
9706,Done,Done,Done,Done
9708,Done,Done,Done,Done
9709,Done,Done,Done,Done
9713,Done,Done,Done,Done
9715,Done,Done,Done,Done
9716,Done,Done,Done,Done
9717,Done,Done,Done,Done
9719,Done,Done,Done,Done
9720,Done,Done,Done,Done
9722,Done,Done,Done,Done
9723,Done,Done,Done,Done
9726,Done,Done,Done,Done
9729,Done,Done,Done,Done
9731,Done,Done,Done,Done
9733,Done,Done,Done,Done
9734,Done,Done,Done,Done
9735,Done,Done,Done,Done
9739,Done,Done,Done,Done
9740,Done,Done,Done,Done
9742,Done,Done,Done,Done
9743,Done,Done,Done,Done
9744,Done,Done,Done,Done
9746,Done,Done,Done,Done
9749,Done,Done,Done,Done
9753,Done,Done,Done,Done
9755,Done,Done,Done,Done
9757,Done,Done,Done,Done
9759,Done,Done,Done,Done
9760,Done,Done,Done,Done
9761,Done,Done,Done,Done
9763,Done,Done,Done,Done
9765,Done,Done,Done,Done
9766,Done,Done,Done,Done
9767,Done,Done,Done,Done
9768,Done,Done,Done,Done
9769,Done,Done,Done,Done
9776,Done,Done,Done,Done
9778,Done,Done,Done,Done
9780,Done,Done,Done,Done
9782,Done,Done,Done,Done
9783,Done,Done,Done,Done
9787,Done,Done,Done,Done
9788,Done,Done,Done,Done
9790,Done,Done,Done,Done
9791,Done,Done,Done,Done
9793,Done,Done,Done,Done
9795,Done,Done,Done,Done
9799,Done,Done,Done,Done
9810,Done,Done,Done,Done
9812,Done,Done,Done,Done
9816,Done,Done,Done,Done
9818,Done,Done,Done,Done
9820,Done,Done,Done,Done
9823,Done,Done,Done,Done
9824,Done,Done,Done,Done
9827,Done,Done,Done,Done
9828,Done,Done,Done,Done
9830,Done,Done,Done,Done
9831,Done,Done,Done,Done
9832,Done,Done,Done,Done
9835,Done,Done,Done,Done
9837,Done,Done,Done,Done
9842,Done,Done,Done,Done
9843,Done,Done,Done,Done
9845,Done,Done,Done,Done
9846,Done,Done,Done,Done
9849,Done,Done,Done,Done
9850,Done,Done,Done,Done
9852,Done,Done,Done,Done
9853,Done,Done,Done,Done
9854,Done,Done,Done,Done
9856,Done,Done,Done,Done
9857,Done,Done,Done,Done
9861,Done,Done,Done,Done
9867,Done,Done,Done,Done
9869,Done,Done,Done,Done
9872,Done,Done,Done,Done
9873,Done,Done,Done,Done
9876,Done,Done,Done,Done
9878,Done,Done,Done,Done
9880,Done,Done,Done,Done
9882,Done,Done,Done,Done
9885,Done,Done,Done,Done
9887,Done,Done,Done,Done
9888,Done,Done,Done,Done
9889,Done,Done,Done,Done
9890,Done,Done,Done,Done
9895,Done,Done,Done,Done
9896,Done,Done,Done,Done
9900,Done,Done,Done,Done
9902,Done,Done,Done,Done
9903,Done,Done,Done,Done
9904,Done,Done,Done,Done
9906,Done,Done,Done,Done
9908,Done,Done,Done,Done
9913,Done,Done,Done,Done
9914,Done,Done,Done,Done
9919,Done,Done,Done,Done
9927,Done,Done,Done,Done
9928,Done,Done,Done,Done
9929,Done,Done,Done,Done
9930,Done,Done,Done,Done
9932,Done,Done,Done,Done
9934,Done,Done,Done,Done
9936,Done,Done,Done,Done
9941,Done,Done,Done,Done
9946,Done,Done,Done,Done
9948,Done,Done,Done,Done
9950,Done,Done,Done,Done
9955,Done,Done,Done,Done
9956,Done,Done,Done,Done
9959,Done,Done,Done,Done
9960,Done,Done,Done,Done
9962,Done,Done,Done,Done
9967,Done,Done,Done,Done
9969,Done,Done,Done,Done
9972,Done,Done,Done,Done
9973,Done,Done,Done,Done
9974,Done,Done,Done,Done
9976,Done,Done,Done,Done
9977,Done,Done,Done,Done
9978,Done,Done,Done,Done
9979,Done,Done,Done,Done
9980,Done,Done,Done,Done
9982,Done,Done,Done,Done
9983,Done,Done,Done,Done
9984,Done,Done,Done,Done
9986,Done,Done,Done,Done
9987,Done,Done,Done,Done
9989,Done,Done,Done,Done
9990,Done,Done,Done,Done
9991,Done,Done,Done,Done
9993,Done,Done,Done,Done
9994,Done,Done,Done,Done
9995,Done,Done,Done,Done
9996,Done,Done,Done,Done
9997,Done,Done,Done,Done
